11111111A;Juan;García Pérez;25
22222222B;María;González Rodríguez;32
33333333C;Pedro;Martínez Sánchez;46
44444444D;Sara;Fernández García;18
55555555E;Javier;López Fernández;29
66666666F;Carmen;Gómez Ruiz;57
77777777G;Pablo;Hernández López;41
88888888H;Lucía;Jiménez García;23
99999999I;Ana;Moreno Rodríguez;36
00000000J;José;Ruiz Sánchez;51
12345678K;Sonia;Sánchez Jiménez;28
23456789L;David;Pérez Martínez;43
34567890M;Lorena;García Gómez;39
45678901N;Andrés;Martínez González;32
56789012O;Marta;Fernández Pérez;27
67890123P;Rafael;Gómez Sánchez;35
78901234Q;Elena;Jiménez Ruiz;47
89012345R;Francisco;Moreno García;52
90123456S;Laura;Ruiz Rodríguez;29
01234567T;Antonio;Sánchez Fernández;43
12345678U;Isabel;González López;24
23456789V;Carlos;Martínez García;31
34567890W;Alicia;Fernández Ruiz;38
45678901X;Jorge;Gómez Pérez;42
56789012Y;Cristina;Hernández Martínez;36
67890123Z;Miguel;Jiménez Sánchez;49
22222223A;Luis;González García;27
33333334B;Ana;Martínez Pérez;42
44444445C;Juan;Fernández Sánchez;35
55555556D;Lucía;García Ruiz;29
66666667E;Pedro;Pérez González;51
77777778F;María;Rodríguez Martínez;46
88888889G;Pablo;Sánchez García;23
99999990H;Carmen;González Rodríguez;32
00000001I;Javier;Gómez Sánchez;37
11111112J;Sara;Jiménez Fernández;18
22222224K;José;Hernández García;29
33333335L;Lucía;García Pérez;41
44444446M;Andrea;Jiménez Ruiz;38
55555557N;Juan;Fernández Sánchez;47
66666668O;Sofía;García Pérez;24
77777779P;Miguel;Pérez Rodríguez;33
88888880Q;María;Rodríguez García;28
99999991R;Pablo;Sánchez Ruiz;44
00000002S;Carmen;González Pérez;55
11111114A;Ana;López García;32
22222225B;Francisco;Martínez Ruiz;48
33333336C;María;González López;27
44444447D;Javier;Fernández García;39
55555558E;Lucía;Pérez Sánchez;21
66666669F;Pedro;García Ruiz;55
77777770G;Marta;Jiménez Sánchez;69
88888881H;Pablo;Gómez García;36
99999992I;Carmen;Ruiz Pérez;44
00000003J;Juan;Hernández Rodríguez;71
12345679K;Sonia;López Sánchez;28
23456780L;David;Martínez González;73
34567891M;Lorena;Fernández Pérez;39
45678902N;Andrés;García Ruiz;32
56789013O;Marta;Pérez Sánchez;27
67890124P;Rafael;Jiménez García;66
78901235Q;Elena;Gómez Ruiz;47
89012346R;Francisco;Ruiz Pérez;52
90123457S;Laura;López García;69
01234568T;Antonio;Martínez Fernández;43
12345679U;Isabel;González López;24
23456780V;Carlos;García Fernández;71
34567891W;Alicia;Ruiz Sánchez;38
45678902X;Jorge;Fernández Ruiz;82
56789013Y;Cristina;Pérez Martínez;36
67890124Z;Miguel;Jiménez Sánchez;89
22222226A;Luis;González García;27
33333337B;Ana;Martínez Pérez;42
44444448C;Juan;Fernández Sánchez;35
55555559D;Lucía;García Ruiz;29
66666670E;Pedro;Pérez González;71
77777781F;María;Rodríguez Martínez;46
88888892G;Pablo;Sánchez García;23
99999993H;Carmen;González Rodríguez;32
00000004I;Javier;Gómez Sánchez;37
11111115J;Sara;Jiménez Fernández;18
22222227K;José;Hernández García;79
33333338L;Lucía;García Pérez;41
44444449M;Andrea;Jiménez Ruiz;38
55555560N;Juan;Fernández Sánchez;47
